[{"model": "auth.permission", "pk": 1, "fields": {"name": "Can add log entry", "content_type": 1, "codename": "add_logentry"}}, {"model": "auth.permission", "pk": 2, "fields": {"name": "Can change log entry", "content_type": 1, "codename": "change_logentry"}}, {"model": "auth.permission", "pk": 3, "fields": {"name": "Can delete log entry", "content_type": 1, "codename": "delete_logentry"}}, {"model": "auth.permission", "pk": 4, "fields": {"name": "Can view log entry", "content_type": 1, "codename": "view_logentry"}}, {"model": "auth.permission", "pk": 5, "fields": {"name": "Can add permission", "content_type": 2, "codename": "add_permission"}}, {"model": "auth.permission", "pk": 6, "fields": {"name": "Can change permission", "content_type": 2, "codename": "change_permission"}}, {"model": "auth.permission", "pk": 7, "fields": {"name": "Can delete permission", "content_type": 2, "codename": "delete_permission"}}, {"model": "auth.permission", "pk": 8, "fields": {"name": "Can view permission", "content_type": 2, "codename": "view_permission"}}, {"model": "auth.permission", "pk": 9, "fields": {"name": "Can add group", "content_type": 3, "codename": "add_group"}}, {"model": "auth.permission", "pk": 10, "fields": {"name": "Can change group", "content_type": 3, "codename": "change_group"}}, {"model": "auth.permission", "pk": 11, "fields": {"name": "Can delete group", "content_type": 3, "codename": "delete_group"}}, {"model": "auth.permission", "pk": 12, "fields": {"name": "Can view group", "content_type": 3, "codename": "view_group"}}, {"model": "auth.permission", "pk": 13, "fields": {"name": "Can add user", "content_type": 4, "codename": "add_user"}}, {"model": "auth.permission", "pk": 14, "fields": {"name": "Can change user", "content_type": 4, "codename": "change_user"}}, {"model": "auth.permission", "pk": 15, "fields": {"name": "Can delete user", "content_type": 4, "codename": "delete_user"}}, {"model": "auth.permission", "pk": 16, "fields": {"name": "Can view user", "content_type": 4, "codename": "view_user"}}, {"model": "auth.permission", "pk": 17, "fields": {"name": "Can add content type", "content_type": 5, "codename": "add_contenttype"}}, {"model": "auth.permission", "pk": 18, "fields": {"name": "Can change content type", "content_type": 5, "codename": "change_contenttype"}}, {"model": "auth.permission", "pk": 19, "fields": {"name": "Can delete content type", "content_type": 5, "codename": "delete_contenttype"}}, {"model": "auth.permission", "pk": 20, "fields": {"name": "Can view content type", "content_type": 5, "codename": "view_contenttype"}}, {"model": "auth.permission", "pk": 21, "fields": {"name": "Can add session", "content_type": 6, "codename": "add_session"}}, {"model": "auth.permission", "pk": 22, "fields": {"name": "Can change session", "content_type": 6, "codename": "change_session"}}, {"model": "auth.permission", "pk": 23, "fields": {"name": "Can delete session", "content_type": 6, "codename": "delete_session"}}, {"model": "auth.permission", "pk": 24, "fields": {"name": "Can view session", "content_type": 6, "codename": "view_session"}}, {"model": "auth.permission", "pk": 25, "fields": {"name": "Can add ciudad", "content_type": 7, "codename": "add_ciudad"}}, {"model": "auth.permission", "pk": 26, "fields": {"name": "Can change ciudad", "content_type": 7, "codename": "change_ciudad"}}, {"model": "auth.permission", "pk": 27, "fields": {"name": "Can delete ciudad", "content_type": 7, "codename": "delete_ciudad"}}, {"model": "auth.permission", "pk": 28, "fields": {"name": "Can view ciudad", "content_type": 7, "codename": "view_ciudad"}}, {"model": "auth.permission", "pk": 29, "fields": {"name": "Can add curso", "content_type": 8, "codename": "add_curso"}}, {"model": "auth.permission", "pk": 30, "fields": {"name": "Can change curso", "content_type": 8, "codename": "change_curso"}}, {"model": "auth.permission", "pk": 31, "fields": {"name": "Can delete curso", "content_type": 8, "codename": "delete_curso"}}, {"model": "auth.permission", "pk": 32, "fields": {"name": "Can view curso", "content_type": 8, "codename": "view_curso"}}, {"model": "auth.permission", "pk": 33, "fields": {"name": "Can add departamento", "content_type": 9, "codename": "add_departamento"}}, {"model": "auth.permission", "pk": 34, "fields": {"name": "Can change departamento", "content_type": 9, "codename": "change_departamento"}}, {"model": "auth.permission", "pk": 35, "fields": {"name": "Can delete departamento", "content_type": 9, "codename": "delete_departamento"}}, {"model": "auth.permission", "pk": 36, "fields": {"name": "Can view departamento", "content_type": 9, "codename": "view_departamento"}}, {"model": "auth.permission", "pk": 37, "fields": {"name": "Can add espacio", "content_type": 10, "codename": "add_espacio"}}, {"model": "auth.permission", "pk": 38, "fields": {"name": "Can change espacio", "content_type": 10, "codename": "change_espacio"}}, {"model": "auth.permission", "pk": 39, "fields": {"name": "Can delete espacio", "content_type": 10, "codename": "delete_espacio"}}, {"model": "auth.permission", "pk": 40, "fields": {"name": "Can view espacio", "content_type": 10, "codename": "view_espacio"}}, {"model": "auth.permission", "pk": 41, "fields": {"name": "Can add estado contrato", "content_type": 11, "codename": "add_estadocontrato"}}, {"model": "auth.permission", "pk": 42, "fields": {"name": "Can change estado contrato", "content_type": 11, "codename": "change_estadocontrato"}}, {"model": "auth.permission", "pk": 43, "fields": {"name": "Can delete estado contrato", "content_type": 11, "codename": "delete_estadocontrato"}}, {"model": "auth.permission", "pk": 44, "fields": {"name": "Can view estado contrato", "content_type": 11, "codename": "view_estadocontrato"}}, {"model": "auth.permission", "pk": 45, "fields": {"name": "Can add facultad", "content_type": 12, "codename": "add_facultad"}}, {"model": "auth.permission", "pk": 46, "fields": {"name": "Can change facultad", "content_type": 12, "codename": "change_facultad"}}, {"model": "auth.permission", "pk": 47, "fields": {"name": "Can delete facultad", "content_type": 12, "codename": "delete_facultad"}}, {"model": "auth.permission", "pk": 48, "fields": {"name": "Can view facultad", "content_type": 12, "codename": "view_facultad"}}, {"model": "auth.permission", "pk": 49, "fields": {"name": "Can add modalidad", "content_type": 13, "codename": "add_modalidad"}}, {"model": "auth.permission", "pk": 50, "fields": {"name": "Can change modalidad", "content_type": 13, "codename": "change_modalidad"}}, {"model": "auth.permission", "pk": 51, "fields": {"name": "Can delete modalidad", "content_type": 13, "codename": "delete_modalidad"}}, {"model": "auth.permission", "pk": 52, "fields": {"name": "Can view modalidad", "content_type": 13, "codename": "view_modalidad"}}, {"model": "auth.permission", "pk": 53, "fields": {"name": "Can add periodo", "content_type": 14, "codename": "add_periodo"}}, {"model": "auth.permission", "pk": 54, "fields": {"name": "Can change periodo", "content_type": 14, "codename": "change_periodo"}}, {"model": "auth.permission", "pk": 55, "fields": {"name": "Can delete periodo", "content_type": 14, "codename": "delete_periodo"}}, {"model": "auth.permission", "pk": 56, "fields": {"name": "Can view periodo", "content_type": 14, "codename": "view_periodo"}}, {"model": "auth.permission", "pk": 57, "fields": {"name": "Can add tipo contrato", "content_type": 15, "codename": "add_tipocontrato"}}, {"model": "auth.permission", "pk": 58, "fields": {"name": "Can change tipo contrato", "content_type": 15, "codename": "change_tipocontrato"}}, {"model": "auth.permission", "pk": 59, "fields": {"name": "Can delete tipo contrato", "content_type": 15, "codename": "delete_tipocontrato"}}, {"model": "auth.permission", "pk": 60, "fields": {"name": "Can view tipo contrato", "content_type": 15, "codename": "view_tipocontrato"}}, {"model": "auth.permission", "pk": 61, "fields": {"name": "Can add tipo programa", "content_type": 16, "codename": "add_tipoprograma"}}, {"model": "auth.permission", "pk": 62, "fields": {"name": "Can change tipo programa", "content_type": 16, "codename": "change_tipoprograma"}}, {"model": "auth.permission", "pk": 63, "fields": {"name": "Can delete tipo programa", "content_type": 16, "codename": "delete_tipoprograma"}}, {"model": "auth.permission", "pk": 64, "fields": {"name": "Can view tipo programa", "content_type": 16, "codename": "view_tipoprograma"}}, {"model": "auth.permission", "pk": 65, "fields": {"name": "Can add usuario", "content_type": 17, "codename": "add_usuario"}}, {"model": "auth.permission", "pk": 66, "fields": {"name": "Can change usuario", "content_type": 17, "codename": "change_usuario"}}, {"model": "auth.permission", "pk": 67, "fields": {"name": "Can delete usuario", "content_type": 17, "codename": "delete_usuario"}}, {"model": "auth.permission", "pk": 68, "fields": {"name": "Can view usuario", "content_type": 17, "codename": "view_usuario"}}, {"model": "auth.permission", "pk": 69, "fields": {"name": "Can add director", "content_type": 18, "codename": "add_director"}}, {"model": "auth.permission", "pk": 70, "fields": {"name": "Can change director", "content_type": 18, "codename": "change_director"}}, {"model": "auth.permission", "pk": 71, "fields": {"name": "Can delete director", "content_type": 18, "codename": "delete_director"}}, {"model": "auth.permission", "pk": 72, "fields": {"name": "Can view director", "content_type": 18, "codename": "view_director"}}, {"model": "auth.permission", "pk": 73, "fields": {"name": "Can add docente", "content_type": 19, "codename": "add_docente"}}, {"model": "auth.permission", "pk": 74, "fields": {"name": "Can change docente", "content_type": 19, "codename": "change_docente"}}, {"model": "auth.permission", "pk": 75, "fields": {"name": "Can delete docente", "content_type": 19, "codename": "delete_docente"}}, {"model": "auth.permission", "pk": 76, "fields": {"name": "Can view docente", "content_type": 19, "codename": "view_docente"}}, {"model": "auth.permission", "pk": 77, "fields": {"name": "Can add docentes cursos", "content_type": 20, "codename": "add_docentescursos"}}, {"model": "auth.permission", "pk": 78, "fields": {"name": "Can change docentes cursos", "content_type": 20, "codename": "change_docentescursos"}}, {"model": "auth.permission", "pk": 79, "fields": {"name": "Can delete docentes cursos", "content_type": 20, "codename": "delete_docentescursos"}}, {"model": "auth.permission", "pk": 80, "fields": {"name": "Can view docentes cursos", "content_type": 20, "codename": "view_docentescursos"}}, {"model": "auth.permission", "pk": 81, "fields": {"name": "Can add materia", "content_type": 21, "codename": "add_materia"}}, {"model": "auth.permission", "pk": 82, "fields": {"name": "Can change materia", "content_type": 21, "codename": "change_materia"}}, {"model": "auth.permission", "pk": 83, "fields": {"name": "Can delete materia", "content_type": 21, "codename": "delete_materia"}}, {"model": "auth.permission", "pk": 84, "fields": {"name": "Can view materia", "content_type": 21, "codename": "view_materia"}}, {"model": "auth.permission", "pk": 85, "fields": {"name": "Can add clase", "content_type": 22, "codename": "add_clase"}}, {"model": "auth.permission", "pk": 86, "fields": {"name": "Can change clase", "content_type": 22, "codename": "change_clase"}}, {"model": "auth.permission", "pk": 87, "fields": {"name": "Can delete clase", "content_type": 22, "codename": "delete_clase"}}, {"model": "auth.permission", "pk": 88, "fields": {"name": "Can view clase", "content_type": 22, "codename": "view_clase"}}, {"model": "auth.permission", "pk": 89, "fields": {"name": "Can add programa", "content_type": 23, "codename": "add_programa"}}, {"model": "auth.permission", "pk": 90, "fields": {"name": "Can change programa", "content_type": 23, "codename": "change_programa"}}, {"model": "auth.permission", "pk": 91, "fields": {"name": "Can delete programa", "content_type": 23, "codename": "delete_programa"}}, {"model": "auth.permission", "pk": 92, "fields": {"name": "Can view programa", "content_type": 23, "codename": "view_programa"}}, {"model": "auth.permission", "pk": 93, "fields": {"name": "Can add pensum", "content_type": 24, "codename": "add_pensum"}}, {"model": "auth.permission", "pk": 94, "fields": {"name": "Can change pensum", "content_type": 24, "codename": "change_pensum"}}, {"model": "auth.permission", "pk": 95, "fields": {"name": "Can delete pensum", "content_type": 24, "codename": "delete_pensum"}}, {"model": "auth.permission", "pk": 96, "fields": {"name": "Can view pensum", "content_type": 24, "codename": "view_pensum"}}, {"model": "auth.permission", "pk": 97, "fields": {"name": "Can add contrato", "content_type": 25, "codename": "add_contrato"}}, {"model": "auth.permission", "pk": 98, "fields": {"name": "Can change contrato", "content_type": 25, "codename": "change_contrato"}}, {"model": "auth.permission", "pk": 99, "fields": {"name": "Can delete contrato", "content_type": 25, "codename": "delete_contrato"}}, {"model": "auth.permission", "pk": 100, "fields": {"name": "Can view contrato", "content_type": 25, "codename": "view_contrato"}}, {"model": "auth.permission", "pk": 101, "fields": {"name": "Can add estado solicitud", "content_type": 26, "codename": "add_estadosolicitud"}}, {"model": "auth.permission", "pk": 102, "fields": {"name": "Can change estado solicitud", "content_type": 26, "codename": "change_estadosolicitud"}}, {"model": "auth.permission", "pk": 103, "fields": {"name": "Can delete estado solicitud", "content_type": 26, "codename": "delete_estadosolicitud"}}, {"model": "auth.permission", "pk": 104, "fields": {"name": "Can view estado solicitud", "content_type": 26, "codename": "view_estadosolicitud"}}, {"model": "auth.permission", "pk": 105, "fields": {"name": "Can add tipo contable", "content_type": 27, "codename": "add_tipocontable"}}, {"model": "auth.permission", "pk": 106, "fields": {"name": "Can change tipo contable", "content_type": 27, "codename": "change_tipocontable"}}, {"model": "auth.permission", "pk": 107, "fields": {"name": "Can delete tipo contable", "content_type": 27, "codename": "delete_tipocontable"}}, {"model": "auth.permission", "pk": 108, "fields": {"name": "Can view tipo contable", "content_type": 27, "codename": "view_tipocontable"}}, {"model": "auth.permission", "pk": 109, "fields": {"name": "Can add reserva", "content_type": 28, "codename": "add_reserva"}}, {"model": "auth.permission", "pk": 110, "fields": {"name": "Can change reserva", "content_type": 28, "codename": "change_reserva"}}, {"model": "auth.permission", "pk": 111, "fields": {"name": "Can delete reserva", "content_type": 28, "codename": "delete_reserva"}}, {"model": "auth.permission", "pk": 112, "fields": {"name": "Can view reserva", "content_type": 28, "codename": "view_reserva"}}, {"model": "auth.permission", "pk": 113, "fields": {"name": "Can add contable", "content_type": 29, "codename": "add_contable"}}, {"model": "auth.permission", "pk": 114, "fields": {"name": "Can change contable", "content_type": 29, "codename": "change_contable"}}, {"model": "auth.permission", "pk": 115, "fields": {"name": "Can delete contable", "content_type": 29, "codename": "delete_contable"}}, {"model": "auth.permission", "pk": 116, "fields": {"name": "Can view contable", "content_type": 29, "codename": "view_contable"}}, {"model": "contenttypes.contenttype", "pk": 1, "fields": {"app_label": "admin", "model": "logentry"}}, {"model": "contenttypes.contenttype", "pk": 2, "fields": {"app_label": "auth", "model": "permission"}}, {"model": "contenttypes.contenttype", "pk": 3, "fields": {"app_label": "auth", "model": "group"}}, {"model": "contenttypes.contenttype", "pk": 4, "fields": {"app_label": "auth", "model": "user"}}, {"model": "contenttypes.contenttype", "pk": 5, "fields": {"app_label": "contenttypes", "model": "contenttype"}}, {"model": "contenttypes.contenttype", "pk": 6, "fields": {"app_label": "sessions", "model": "session"}}, {"model": "contenttypes.contenttype", "pk": 7, "fields": {"app_label": "postgraduateManagement", "model": "ciudad"}}, {"model": "contenttypes.contenttype", "pk": 8, "fields": {"app_label": "postgraduateManagement", "model": "curso"}}, {"model": "contenttypes.contenttype", "pk": 9, "fields": {"app_label": "postgraduateManagement", "model": "departamento"}}, {"model": "contenttypes.contenttype", "pk": 10, "fields": {"app_label": "postgraduateManagement", "model": "espacio"}}, {"model": "contenttypes.contenttype", "pk": 11, "fields": {"app_label": "postgraduateManagement", "model": "estadocontrato"}}, {"model": "contenttypes.contenttype", "pk": 12, "fields": {"app_label": "postgraduateManagement", "model": "facultad"}}, {"model": "contenttypes.contenttype", "pk": 13, "fields": {"app_label": "postgraduateManagement", "model": "modalidad"}}, {"model": "contenttypes.contenttype", "pk": 14, "fields": {"app_label": "postgraduateManagement", "model": "periodo"}}, {"model": "contenttypes.contenttype", "pk": 15, "fields": {"app_label": "postgraduateManagement", "model": "tipocontrato"}}, {"model": "contenttypes.contenttype", "pk": 16, "fields": {"app_label": "postgraduateManagement", "model": "tipoprograma"}}, {"model": "contenttypes.contenttype", "pk": 17, "fields": {"app_label": "postgraduateManagement", "model": "usuario"}}, {"model": "contenttypes.contenttype", "pk": 18, "fields": {"app_label": "postgraduateManagement", "model": "director"}}, {"model": "contenttypes.contenttype", "pk": 19, "fields": {"app_label": "postgraduateManagement", "model": "docente"}}, {"model": "contenttypes.contenttype", "pk": 20, "fields": {"app_label": "postgraduateManagement", "model": "docentescursos"}}, {"model": "contenttypes.contenttype", "pk": 21, "fields": {"app_label": "postgraduateManagement", "model": "materia"}}, {"model": "contenttypes.contenttype", "pk": 22, "fields": {"app_label": "postgraduateManagement", "model": "clase"}}, {"model": "contenttypes.contenttype", "pk": 23, "fields": {"app_label": "postgraduateManagement", "model": "programa"}}, {"model": "contenttypes.contenttype", "pk": 24, "fields": {"app_label": "postgraduateManagement", "model": "pensum"}}, {"model": "contenttypes.contenttype", "pk": 25, "fields": {"app_label": "postgraduateManagement", "model": "contrato"}}, {"model": "contenttypes.contenttype", "pk": 26, "fields": {"app_label": "requestsManagement", "model": "estadosolicitud"}}, {"model": "contenttypes.contenttype", "pk": 27, "fields": {"app_label": "requestsManagement", "model": "tipocontable"}}, {"model": "contenttypes.contenttype", "pk": 28, "fields": {"app_label": "requestsManagement", "model": "reserva"}}, {"model": "contenttypes.contenttype", "pk": 29, "fields": {"app_label": "requestsManagement", "model": "contable"}}, {"model": "postgraduateManagement.facultad", "pk": 1, "fields": {"nombre": "Ciencias Administrativas y Económicas"}}, {"model": "postgraduateManagement.facultad", "pk": 2, "fields": {"nombre": "Ingeniería, Diseño y Ciencias Aplicadas"}}, {"model": "postgraduateManagement.facultad", "pk": 3, "fields": {"nombre": "Ciencias Humanas"}}, {"model": "postgraduateManagement.facultad", "pk": 4, "fields": {"nombre": "Ciencias de la Salud"}}, {"model": "postgraduateManagement.tipoprograma", "pk": 1, "fields": {"nombre": "Especialziación"}}, {"model": "postgraduateManagement.tipoprograma", "pk": 2, "fields": {"nombre": "Maestria"}}, {"model": "postgraduateManagement.tipoprograma", "pk": 3, "fields": {"nombre": "Doctorado"}}, {"model": "postgraduateManagement.departamento", "pk": "DEP01", "fields": {"nombre": "Economía"}}, {"model": "postgraduateManagement.departamento", "pk": "DEP02", "fields": {"nombre": "Ciencias Físicas"}}, {"model": "postgraduateManagement.departamento", "pk": "DEP03", "fields": {"nombre": "Estudios Políticos"}}, {"model": "postgraduateManagement.departamento", "pk": "DEP04", "fields": {"nombre": "Ingeniería Industrial"}}, {"model": "postgraduateManagement.departamento", "pk": "DEP05", "fields": {"nombre": "Estudios Jurídicos"}}, {"model": "postgraduateManagement.departamento", "pk": "DEP06", "fields": {"nombre": "Estudios Psicológicos"}}, {"model": "postgraduateManagement.departamento", "pk": "DEP07", "fields": {"nombre": "Estudios Sociales"}}, {"model": "postgraduateManagement.departamento", "pk": "DEP08", "fields": {"nombre": "Música"}}, {"model": "postgraduateManagement.departamento", "pk": "DEP09", "fields": {"nombre": "Artes y Humanidades"}}, {"model": "postgraduateManagement.departamento", "pk": "DEP10", "fields": {"nombre": "Ingeniería Bioquímica"}}, {"model": "postgraduateManagement.departamento", "pk": "DEP11", "fields": {"nombre": "Tecnologías de Información y Comunicaciones"}}, {"model": "postgraduateManagement.departamento", "pk": "DEP12", "fields": {"nombre": "Estudios Contables y Financieros"}}, {"model": "postgraduateManagement.departamento", "pk": "DEP13", "fields": {"nombre": "Gestión Organizacional"}}, {"model": "postgraduateManagement.departamento", "pk": "DEP14", "fields": {"nombre": "Idiomas"}}, {"model": "postgraduateManagement.departamento", "pk": "DEP15", "fields": {"nombre": "Pedagogía"}}, {"model": "postgraduateManagement.departamento", "pk": "DEP16", "fields": {"nombre": "Matemáticas y Estadística"}}, {"model": "postgraduateManagement.departamento", "pk": "DEP17", "fields": {"nombre": "Mercadeo y Negocios Internacionales"}}, {"model": "postgraduateManagement.departamento", "pk": "DEP18", "fields": {"nombre": "Ciencias Clínicas"}}, {"model": "postgraduateManagement.departamento", "pk": "DEP19", "fields": {"nombre": "Diseño"}}, {"model": "postgraduateManagement.departamento", "pk": "DEP20", "fields": {"nombre": "Lenguaje"}}, {"model": "postgraduateManagement.departamento", "pk": "DEP21", "fields": {"nombre": "Salud Pública y Medicina Comunitaria"}}, {"model": "postgraduateManagement.departamento", "pk": "DEP22", "fields": {"nombre": "Ciencias Biológicas"}}, {"model": "postgraduateManagement.departamento", "pk": "DEP23", "fields": {"nombre": "Ciencias Químicas"}}, {"model": "postgraduateManagement.departamento", "pk": "DEP24", "fields": {"nombre": "Ciencias Farmacéuticas"}}, {"model": "postgraduateManagement.departamento", "pk": "DEP25", "fields": {"nombre": "Comunicación en Entornos Digitales"}}, {"model": "postgraduateManagement.tipocontrato", "pk": "TCDV", "fields": {"tipo": "Docente visitante"}}, {"model": "postgraduateManagement.tipocontrato", "pk": "TCI", "fields": {"tipo": "Investigador"}}, {"model": "postgraduateManagement.tipocontrato", "pk": "TCP", "fields": {"tipo": "Proyecto"}}, {"model": "postgraduateManagement.tipocontrato", "pk": "TCPE", "fields": {"tipo": "Profesor emérito"}}, {"model": "postgraduateManagement.tipocontrato", "pk": "TCTC", "fields": {"tipo": "Tiempo completo"}}, {"model": "postgraduateManagement.tipocontrato", "pk": "TCTP", "fields": {"tipo": "Tiempo parcial"}}, {"model": "postgraduateManagement.estadocontrato", "pk": "C", "fields": {"nombre": "Cancelado"}}, {"model": "postgraduateManagement.estadocontrato", "pk": "E", "fields": {"nombre": "En ejecución"}}, {"model": "postgraduateManagement.estadocontrato", "pk": "P", "fields": {"nombre": "Pendiente"}}, {"model": "postgraduateManagement.estadocontrato", "pk": "T", "fields": {"nombre": "Terminado"}}, {"model": "postgraduateManagement.estadocontrato", "pk": "V", "fields": {"nombre": "Vencido"}}, {"model": "postgraduateManagement.modalidad", "pk": "M", "fields": {"nombre": "Mixta"}}, {"model": "postgraduateManagement.modalidad", "pk": "P", "fields": {"nombre": "Presencial"}}, {"model": "postgraduateManagement.modalidad", "pk": "V", "fields": {"nombre": "Virtual"}}, {"model": "postgraduateManagement.ciudad", "pk": 1, "fields": {"nombre": "Bogotá"}}, {"model": "postgraduateManagement.ciudad", "pk": 2, "fields": {"nombre": "Medellín"}}, {"model": "postgraduateManagement.ciudad", "pk": 3, "fields": {"nombre": "Cali"}}, {"model": "postgraduateManagement.ciudad", "pk": 4, "fields": {"nombre": "Barranquilla"}}, {"model": "postgraduateManagement.ciudad", "pk": 5, "fields": {"nombre": "Cartagena"}}, {"model": "postgraduateManagement.ciudad", "pk": 6, "fields": {"nombre": "Cúcuta"}}, {"model": "postgraduateManagement.ciudad", "pk": 7, "fields": {"nombre": "Bucaramanga"}}, {"model": "postgraduateManagement.ciudad", "pk": 8, "fields": {"nombre": "Pereira"}}, {"model": "postgraduateManagement.ciudad", "pk": 9, "fields": {"nombre": "Santa Marta"}}, {"model": "postgraduateManagement.ciudad", "pk": 10, "fields": {"nombre": "Ibagué"}}, {"model": "postgraduateManagement.ciudad", "pk": 11, "fields": {"nombre": "Manizales"}}, {"model": "postgraduateManagement.ciudad", "pk": 12, "fields": {"nombre": "Pasto"}}, {"model": "postgraduateManagement.ciudad", "pk": 13, "fields": {"nombre": "Neiva"}}, {"model": "postgraduateManagement.ciudad", "pk": 14, "fields": {"nombre": "Soledad"}}, {"model": "postgraduateManagement.ciudad", "pk": 15, "fields": {"nombre": "Villavicencio"}}, {"model": "postgraduateManagement.ciudad", "pk": 16, "fields": {"nombre": "Soacha"}}, {"model": "postgraduateManagement.ciudad", "pk": 17, "fields": {"nombre": "Valledupar"}}, {"model": "postgraduateManagement.ciudad", "pk": 18, "fields": {"nombre": "Montería"}}, {"model": "postgraduateManagement.ciudad", "pk": 19, "fields": {"nombre": "Armenia"}}, {"model": "postgraduateManagement.ciudad", "pk": 20, "fields": {"nombre": "Sincelejo"}}, {"model": "postgraduateManagement.ciudad", "pk": 21, "fields": {"nombre": "Popayán"}}, {"model": "postgraduateManagement.ciudad", "pk": 22, "fields": {"nombre": "Floridablanca"}}, {"model": "postgraduateManagement.ciudad", "pk": 23, "fields": {"nombre": "Barrancabermeja"}}, {"model": "postgraduateManagement.ciudad", "pk": 24, "fields": {"nombre": "Dosquebradas"}}, {"model": "postgraduateManagement.ciudad", "pk": 25, "fields": {"nombre": "Tuluá"}}, {"model": "postgraduateManagement.ciudad", "pk": 26, "fields": {"nombre": "Envigado"}}, {"model": "postgraduateManagement.ciudad", "pk": 27, "fields": {"nombre": "Cartago"}}, {"model": "postgraduateManagement.ciudad", "pk": 28, "fields": {"nombre": "Maicao"}}, {"model": "postgraduateManagement.ciudad", "pk": 29, "fields": {"nombre": "Girardot"}}, {"model": "postgraduateManagement.ciudad", "pk": 30, "fields": {"nombre": "Florencia"}}, {"model": "postgraduateManagement.ciudad", "pk": 31, "fields": {"nombre": "Sogamoso"}}, {"model": "postgraduateManagement.ciudad", "pk": 32, "fields": {"nombre": "Barrancas"}}, {"model": "postgraduateManagement.ciudad", "pk": 33, "fields": {"nombre": "Tumaco"}}, {"model": "postgraduateManagement.ciudad", "pk": 34, "fields": {"nombre": "Magangué"}}, {"model": "postgraduateManagement.ciudad", "pk": 35, "fields": {"nombre": "Tunja"}}, {"model": "postgraduateManagement.ciudad", "pk": 36, "fields": {"nombre": "Mosquera"}}, {"model": "postgraduateManagement.ciudad", "pk": 37, "fields": {"nombre": "Ríohacha"}}, {"model": "postgraduateManagement.ciudad", "pk": 38, "fields": {"nombre": "Palmira"}}, {"model": "postgraduateManagement.ciudad", "pk": 39, "fields": {"nombre": "Jamundí"}}, {"model": "postgraduateManagement.ciudad", "pk": 40, "fields": {"nombre": "Apartadó"}}, {"model": "postgraduateManagement.ciudad", "pk": 41, "fields": {"nombre": "Zipaquirá"}}, {"model": "postgraduateManagement.ciudad", "pk": 42, "fields": {"nombre": "Quibdó"}}, {"model": "postgraduateManagement.ciudad", "pk": 43, "fields": {"nombre": "Facatativá"}}, {"model": "postgraduateManagement.ciudad", "pk": 44, "fields": {"nombre": "Since"}}, {"model": "postgraduateManagement.ciudad", "pk": 45, "fields": {"nombre": "Rionegro"}}, {"model": "postgraduateManagement.ciudad", "pk": 46, "fields": {"nombre": "Chía"}}, {"model": "postgraduateManagement.ciudad", "pk": 47, "fields": {"nombre": "Ipiales"}}, {"model": "postgraduateManagement.ciudad", "pk": 48, "fields": {"nombre": "Yopal"}}, {"model": "postgraduateManagement.ciudad", "pk": 49, "fields": {"nombre": "Duitama"}}, {"model": "postgraduateManagement.ciudad", "pk": 50, "fields": {"nombre": "Piedecuesta"}}, {"model": "postgraduateManagement.usuario", "pk": 1, "fields": {"nombre": "Silem", "apellido": "Villa"}}, {"model": "postgraduateManagement.usuario", "pk": 2, "fields": {"nombre": "Alejandro", "apellido": "Amu"}}, {"model": "postgraduateManagement.usuario", "pk": 3, "fields": {"nombre": "Johan", "apellido": "Daniel"}}, {"model": "postgraduateManagement.usuario", "pk": 4, "fields": {"nombre": "Juan", "apellido": "Calderon"}}, {"model": "postgraduateManagement.usuario", "pk": 5, "fields": {"nombre": "Gerson", "apellido": "Hurtado"}}, {"model": "postgraduateManagement.espacio", "pk": "201E", "fields": {"id_subespacio": "00", "tipo": "SC", "capacidad": 28}}, {"model": "postgraduateManagement.espacio", "pk": "202E", "fields": {"id_subespacio": "00", "tipo": "SC", "capacidad": 28}}, {"model": "postgraduateManagement.espacio", "pk": "203E", "fields": {"id_subespacio": "00", "tipo": "SC", "capacidad": 28}}, {"model": "postgraduateManagement.espacio", "pk": "204E", "fields": {"id_subespacio": "00", "tipo": "SC", "capacidad": 28}}, {"model": "postgraduateManagement.espacio", "pk": "205E", "fields": {"id_subespacio": "00", "tipo": "SC", "capacidad": 28}}, {"model": "postgraduateManagement.espacio", "pk": "206E", "fields": {"id_subespacio": "00", "tipo": "SC", "capacidad": 28}}, {"model": "postgraduateManagement.espacio", "pk": "207E", "fields": {"id_subespacio": "00", "tipo": "SC", "capacidad": 28}}, {"model": "postgraduateManagement.espacio", "pk": "301E", "fields": {"id_subespacio": "00", "tipo": "SC", "capacidad": 28}}, {"model": "postgraduateManagement.espacio", "pk": "302E", "fields": {"id_subespacio": "00", "tipo": "SC", "capacidad": 28}}, {"model": "postgraduateManagement.espacio", "pk": "303E", "fields": {"id_subespacio": "00", "tipo": "SC", "capacidad": 28}}, {"model": "postgraduateManagement.espacio", "pk": "304E", "fields": {"id_subespacio": "00", "tipo": "SC", "capacidad": 28}}, {"model": "postgraduateManagement.espacio", "pk": "305E", "fields": {"id_subespacio": "00", "tipo": "SC", "capacidad": 28}}, {"model": "postgraduateManagement.espacio", "pk": "306E", "fields": {"id_subespacio": "00", "tipo": "SC", "capacidad": 28}}, {"model": "postgraduateManagement.espacio", "pk": "307E", "fields": {"id_subespacio": "00", "tipo": "SC", "capacidad": 28}}, {"model": "postgraduateManagement.espacio", "pk": "308E", "fields": {"id_subespacio": "00", "tipo": "SC", "capacidad": 28}}, {"model": "postgraduateManagement.espacio", "pk": "309E", "fields": {"id_subespacio": "00", "tipo": "SC", "capacidad": 28}}, {"model": "postgraduateManagement.espacio", "pk": "310E", "fields": {"id_subespacio": "00", "tipo": "SC", "capacidad": 28}}, {"model": "postgraduateManagement.espacio", "pk": "401E", "fields": {"id_subespacio": "00", "tipo": "SC", "capacidad": 28}}, {"model": "postgraduateManagement.espacio", "pk": "402E", "fields": {"id_subespacio": "00", "tipo": "SC", "capacidad": 28}}, {"model": "postgraduateManagement.espacio", "pk": "403E", "fields": {"id_subespacio": "00", "tipo": "SC", "capacidad": 28}}, {"model": "postgraduateManagement.espacio", "pk": "404E", "fields": {"id_subespacio": "00", "tipo": "SC", "capacidad": 28}}, {"model": "postgraduateManagement.espacio", "pk": "405E", "fields": {"id_subespacio": "00", "tipo": "SC", "capacidad": 28}}, {"model": "postgraduateManagement.espacio", "pk": "406E", "fields": {"id_subespacio": "00", "tipo": "SC", "capacidad": 28}}, {"model": "postgraduateManagement.espacio", "pk": "407E", "fields": {"id_subespacio": "00", "tipo": "SC", "capacidad": 28}}, {"model": "postgraduateManagement.espacio", "pk": "408E", "fields": {"id_subespacio": "00", "tipo": "SC", "capacidad": 28}}, {"model": "postgraduateManagement.espacio", "pk": "409E", "fields": {"id_subespacio": "00", "tipo": "SC", "capacidad": 28}}, {"model": "postgraduateManagement.espacio", "pk": "410E", "fields": {"id_subespacio": "00", "tipo": "SC", "capacidad": 28}}, {"model": "postgraduateManagement.espacio", "pk": "411E", "fields": {"id_subespacio": "00", "tipo": "SC", "capacidad": 28}}, {"model": "postgraduateManagement.espacio", "pk": "501E", "fields": {"id_subespacio": "00", "tipo": "SC", "capacidad": 28}}, {"model": "postgraduateManagement.espacio", "pk": "502E", "fields": {"id_subespacio": "00", "tipo": "SC", "capacidad": 28}}, {"model": "postgraduateManagement.espacio", "pk": "503E", "fields": {"id_subespacio": "00", "tipo": "SC", "capacidad": 28}}, {"model": "postgraduateManagement.espacio", "pk": "504E", "fields": {"id_subespacio": "00", "tipo": "SC", "capacidad": 28}}, {"model": "postgraduateManagement.espacio", "pk": "505E", "fields": {"id_subespacio": "00", "tipo": "SC", "capacidad": 28}}, {"model": "postgraduateManagement.espacio", "pk": "506E", "fields": {"id_subespacio": "00", "tipo": "SC", "capacidad": 28}}, {"model": "postgraduateManagement.espacio", "pk": "507E", "fields": {"id_subespacio": "00", "tipo": "SC", "capacidad": 28}}, {"model": "postgraduateManagement.espacio", "pk": "508E", "fields": {"id_subespacio": "00", "tipo": "SC", "capacidad": 28}}, {"model": "postgraduateManagement.espacio", "pk": "509E", "fields": {"id_subespacio": "00", "tipo": "SC", "capacidad": 28}}, {"model": "postgraduateManagement.espacio", "pk": "510E", "fields": {"id_subespacio": "00", "tipo": "SC", "capacidad": 28}}, {"model": "postgraduateManagement.espacio", "pk": "511E", "fields": {"id_subespacio": "00", "tipo": "SC", "capacidad": 28}}, {"model": "postgraduateManagement.director", "pk": "101234567", "fields": {"nombre": "Jaymee", "apellido": "Hoonahan", "email": "jhoonahan0@census.gov", "telefono": 6884643828, "url_foto": "https://robohash.org/distinctiovoluptateillo.png?size=500x750&set=set1", "ciudad": 32}}, {"model": "postgraduateManagement.director", "pk": "109876543", "fields": {"nombre": "Jyoti", "apellido": "Yedy", "email": "jyedy3@marketwatch.com", "telefono": 5743831336, "url_foto": "https://robohash.org/teneturnecessitatibusdignissimos.png?size=500x750&set=set1", "ciudad": 7}}, {"model": "postgraduateManagement.director", "pk": "34456789", "fields": {"nombre": "Dominique", "apellido": "Spellessy", "email": "dspellessy2@nature.com", "telefono": 7263580319, "url_foto": "https://robohash.org/optiodoloremiusto.png?size=500x750&set=set1", "ciudad": 5}}, {"model": "postgraduateManagement.director", "pk": "864765432", "fields": {"nombre": "Willabella", "apellido": "McEwan", "email": "wmcewan1@instagram.com", "telefono": 2561153324, "url_foto": "https://robohash.org/iustoducimuspraesentium.png?size=500x750&set=set1", "ciudad": 33}}, {"model": "postgraduateManagement.director", "pk": "91543210", "fields": {"nombre": "Cordie", "apellido": "Huckleby", "email": "chuckleby4@last.fm", "telefono": 3556575038, "url_foto": "https://robohash.org/undesitpossimus.png?size=500x750&set=set1", "ciudad": 11}}, {"model": "postgraduateManagement.docente", "pk": "05-409-5147", "fields": {"nombre": "Darcy", "apellido": "Ebbins", "email": "debbinsm@imgur.com", "telefono": 2443812359, "url_foto": "https://robohash.org/doloribusfacerealiquam.png?size=500x750&set=set1", "ciudad": 4}}, {"model": "postgraduateManagement.docente", "pk": "06-818-0812", "fields": {"nombre": "Ekaterina", "apellido": "Stanman", "email": "estanmans@constantcontact.com", "telefono": 1079315185, "url_foto": "https://robohash.org/quamundenon.png?size=500x750&set=set1", "ciudad": 11}}, {"model": "postgraduateManagement.docente", "pk": "10-567-2596", "fields": {"nombre": "Amandie", "apellido": "Rosenbusch", "email": "arosenbuschb@ning.com", "telefono": 9001097813, "url_foto": "https://robohash.org/voluptatemmolestiaequi.png?size=500x750&set=set1", "ciudad": 38}}, {"model": "postgraduateManagement.docente", "pk": "10-805-3316", "fields": {"nombre": "Sophia", "apellido": "Murrison", "email": "smurrisonl@java.com", "telefono": 5949402645, "url_foto": "https://robohash.org/earumquiaassumenda.png?size=500x750&set=set1", "ciudad": 40}}, {"model": "postgraduateManagement.docente", "pk": "17-372-7526", "fields": {"nombre": "Reinwald", "apellido": "Ailsbury", "email": "railsburyp@microsoft.com", "telefono": 9158701369, "url_foto": "https://robohash.org/pariaturiureodit.png?size=500x750&set=set1", "ciudad": 33}}, {"model": "postgraduateManagement.docente", "pk": "17-602-9334", "fields": {"nombre": "Rene", "apellido": "Andrichuk", "email": "randrichukh@rambler.ru", "telefono": 3923590566, "url_foto": "https://robohash.org/repudiandaeassumendaenim.png?size=500x750&set=set1", "ciudad": 5}}, {"model": "postgraduateManagement.docente", "pk": "17-648-5695", "fields": {"nombre": "Querida", "apellido": "Medlen", "email": "qmedlen8@123-reg.co.uk", "telefono": 7339207006, "url_foto": "https://robohash.org/repellatquidemvoluptas.png?size=500x750&set=set1", "ciudad": 1}}, {"model": "postgraduateManagement.docente", "pk": "21-764-4274", "fields": {"nombre": "Vasilis", "apellido": "Brewett", "email": "vbrewettq@scientificamerican.com", "telefono": 3081257070, "url_foto": "https://robohash.org/eaminusquibusdam.png?size=500x750&set=set1", "ciudad": 36}}, {"model": "postgraduateManagement.docente", "pk": "23-028-3235", "fields": {"nombre": "Isacco", "apellido": "Klosges", "email": "iklosgesj@sciencedaily.com", "telefono": 4572596865, "url_foto": "https://robohash.org/omnissuntiure.png?size=500x750&set=set1", "ciudad": 39}}, {"model": "postgraduateManagement.docente", "pk": "25-573-9503", "fields": {"nombre": "Trish", "apellido": "Playden", "email": "tplaydenx@sfgate.com", "telefono": 9863148353, "url_foto": "https://robohash.org/consecteturesseomnis.png?size=500x750&set=set1", "ciudad": 18}}, {"model": "postgraduateManagement.docente", "pk": "37-129-4384", "fields": {"nombre": "Shanan", "apellido": "Carlone", "email": "scarloner@imgur.com", "telefono": 3981906934, "url_foto": "https://robohash.org/indoloraccusamus.png?size=500x750&set=set1", "ciudad": 22}}, {"model": "postgraduateManagement.docente", "pk": "42-887-1808", "fields": {"nombre": "Greta", "apellido": "Dranfield", "email": "gdranfield7@cargocollective.com", "telefono": 5808172340, "url_foto": "https://robohash.org/velsedexplicabo.png?size=500x750&set=set1", "ciudad": 28}}, {"model": "postgraduateManagement.docente", "pk": "49-202-0521", "fields": {"nombre": "Remy", "apellido": "O'Halligan", "email": "rohalligand@bloglines.com", "telefono": 5346160247, "url_foto": "https://robohash.org/exnesciuntrerum.png?size=500x750&set=set1", "ciudad": 10}}, {"model": "postgraduateManagement.docente", "pk": "51-792-3716", "fields": {"nombre": "Flossie", "apellido": "Searight", "email": "fsearighte@seattletimes.com", "telefono": 1468374876, "url_foto": "https://robohash.org/accusamuslaborumut.png?size=500x750&set=set1", "ciudad": 38}}, {"model": "postgraduateManagement.docente", "pk": "57-596-5887", "fields": {"nombre": "Jeanine", "apellido": "Siemons", "email": "jsiemons2@timesonline.co.uk", "telefono": 7652478911, "url_foto": "https://robohash.org/voluptasblanditiisesse.png?size=500x750&set=set1", "ciudad": 44}}, {"model": "postgraduateManagement.docente", "pk": "60-190-1250", "fields": {"nombre": "Lotte", "apellido": "Hollyer", "email": "lhollyer4@globo.com", "telefono": 4052835872, "url_foto": "https://robohash.org/oditfugaa.png?size=500x750&set=set1", "ciudad": 39}}, {"model": "postgraduateManagement.docente", "pk": "60-777-6729", "fields": {"nombre": "Trescha", "apellido": "Garrard", "email": "tgarrardg@over-blog.com", "telefono": 1387301180, "url_foto": "https://robohash.org/aliaseumenim.png?size=500x750&set=set1", "ciudad": 17}}, {"model": "postgraduateManagement.docente", "pk": "61-168-9654", "fields": {"nombre": "Even", "apellido": "Du Plantier", "email": "eduplantieru@tiny.cc", "telefono": 7745940401, "url_foto": "https://robohash.org/veronamdicta.png?size=500x750&set=set1", "ciudad": 39}}, {"model": "postgraduateManagement.docente", "pk": "65-914-5374", "fields": {"nombre": "Estele", "apellido": "Jaeggi", "email": "ejaeggiv@uiuc.edu", "telefono": 1067115002, "url_foto": "https://robohash.org/commodinisieveniet.png?size=500x750&set=set1", "ciudad": 35}}, {"model": "postgraduateManagement.docente", "pk": "67-105-9184", "fields": {"nombre": "Lari", "apellido": "Vaun", "email": "lvauny@mediafire.com", "telefono": 2391975549, "url_foto": "https://robohash.org/quoaccusantiumharum.png?size=500x750&set=set1", "ciudad": 17}}, {"model": "postgraduateManagement.docente", "pk": "69-399-0990", "fields": {"nombre": "Lon", "apellido": "Mordie", "email": "lmordie3@virginia.edu", "telefono": 1043466915, "url_foto": "https://robohash.org/dolormaioresaspernatur.png?size=500x750&set=set1", "ciudad": 35}}, {"model": "postgraduateManagement.docente", "pk": "70-767-8133", "fields": {"nombre": "Casar", "apellido": "Cottier", "email": "ccottierc@unesco.org", "telefono": 1145462021, "url_foto": "https://robohash.org/dolorvoluptassed.png?size=500x750&set=set1", "ciudad": 15}}, {"model": "postgraduateManagement.docente", "pk": "73-667-0356", "fields": {"nombre": "Riva", "apellido": "Biasi", "email": "rbiasin@discovery.com", "telefono": 3838304787, "url_foto": "https://robohash.org/nostrumetimpedit.png?size=500x750&set=set1", "ciudad": 12}}, {"model": "postgraduateManagement.docente", "pk": "74-938-8387", "fields": {"nombre": "Blanca", "apellido": "Wissbey", "email": "bwissbey9@themeforest.net", "telefono": 1624214111, "url_foto": "https://robohash.org/easuntincidunt.png?size=500x750&set=set1", "ciudad": 6}}, {"model": "postgraduateManagement.docente", "pk": "80-756-5382", "fields": {"nombre": "Asher", "apellido": "Colleymore", "email": "acolleymorek@dyndns.org", "telefono": 7006301076, "url_foto": "https://robohash.org/aliquamquiut.png?size=500x750&set=set1", "ciudad": 44}}, {"model": "postgraduateManagement.docente", "pk": "81-573-3242", "fields": {"nombre": "Lilias", "apellido": "Kennham", "email": "lkennham5@prweb.com", "telefono": 6495870643, "url_foto": "https://robohash.org/eligendiquibusdamalias.png?size=500x750&set=set1", "ciudad": 13}}, {"model": "postgraduateManagement.docente", "pk": "83-583-3099", "fields": {"nombre": "Mano", "apellido": "Dabney", "email": "mdabney1@pagesperso-orange.fr", "telefono": 8682675222, "url_foto": "https://robohash.org/quiaametet.png?size=500x750&set=set1", "ciudad": 45}}, {"model": "postgraduateManagement.docente", "pk": "85-468-8207", "fields": {"nombre": "Alisander", "apellido": "Tinsley", "email": "atinsley6@buzzfeed.com", "telefono": 7319055030, "url_foto": "https://robohash.org/laudantiumrepudiandaevelit.png?size=500x750&set=set1", "ciudad": 26}}, {"model": "postgraduateManagement.docente", "pk": "85-946-0118", "fields": {"nombre": "Myrtie", "apellido": "Seczyk", "email": "mseczyk0@slideshare.net", "telefono": 4924423834, "url_foto": "https://robohash.org/atquedeseruntlibero.png?size=500x750&set=set1", "ciudad": 25}}, {"model": "postgraduateManagement.docente", "pk": "86-220-0253", "fields": {"nombre": "Ethan", "apellido": "Pannaman", "email": "epannamani@nature.com", "telefono": 9496700604, "url_foto": "https://robohash.org/sednesciuntnon.png?size=500x750&set=set1", "ciudad": 17}}, {"model": "postgraduateManagement.docente", "pk": "87-605-0116", "fields": {"nombre": "Jenda", "apellido": "Goggins", "email": "jgogginsa@tripadvisor.com", "telefono": 4261430015, "url_foto": "https://robohash.org/rerumdolordolores.png?size=500x750&set=set1", "ciudad": 31}}, {"model": "postgraduateManagement.docente", "pk": "90-843-1898", "fields": {"nombre": "James", "apellido": "Fortoun", "email": "jfortounw@blogtalkradio.com", "telefono": 4415974780, "url_foto": "https://robohash.org/eumsednemo.png?size=500x750&set=set1", "ciudad": 42}}, {"model": "postgraduateManagement.docente", "pk": "92-051-6742", "fields": {"nombre": "Jeffry", "apellido": "Nevins", "email": "jnevinsf@smugmug.com", "telefono": 6159219587, "url_foto": "https://robohash.org/illoiuresunt.png?size=500x750&set=set1", "ciudad": 42}}, {"model": "postgraduateManagement.docente", "pk": "95-822-1819", "fields": {"nombre": "Christean", "apellido": "McDonell", "email": "cmcdonello@google.co.jp", "telefono": 8695116693, "url_foto": "https://robohash.org/nostrumsitcum.png?size=500x750&set=set1", "ciudad": 37}}, {"model": "postgraduateManagement.docente", "pk": "99-592-2631", "fields": {"nombre": "Doria", "apellido": "Irce", "email": "dircet@ucoz.ru", "telefono": 8673300422, "url_foto": "https://robohash.org/atquedelectusat.png?size=500x750&set=set1", "ciudad": 38}}, {"model": "postgraduateManagement.programa", "pk": "PROG001-M", "fields": {"nombre": "Maestría en Gestión del Talento Humano en Modalidad Virtual", "descripcion": "La Maestría en Gestión del Talento Humano en Modalidad Virtual ofrece una formación especializada en la gestión estratégica del recurso humano, adaptada al entorno digital y las nuevas tecnologías. Este programa proporciona a los participantes las herramientas y habilidades necesarias para liderar equipos de trabajo, desarrollar políticas de recursos humanos efectivas y promover un ambiente laboral saludable y productivo. A través de una combinación de clases virtuales, estudios de caso y proyectos prácticos, los estudiantes adquieren un profundo conocimiento en áreas como reclutamiento y selección, desarrollo organizacional, gestión del desempeño y relaciones laborales, preparándolos para enfrentar los desafíos actuales del mundo empresarial con éxito.", "url_image": "AQUI_VA_UN_URL", "facultad": 1, "tipo_de_programa": 3, "director": "101234567"}}, {"model": "postgraduateManagement.programa", "pk": "PROG002-M", "fields": {"nombre": "Maestría en Educación", "descripcion": "La Maestría en Educación es un programa diseñado para profesionales del ámbito educativo que desean profundizar en su conocimiento teórico y práctico sobre los procesos de enseñanza-aprendizaje. A través de un enfoque interdisciplinario, este programa ofrece a los participantes la oportunidad de explorar diversas temáticas relacionadas con la pedagogía, la didáctica, la evaluación educativa y la gestión escolar. Los estudiantes desarrollarán habilidades para diseñar y aplicar estrategias innovadoras en el aula, así como para liderar proyectos de mejora educativa en diferentes contextos. Con un énfasis en la reflexión crítica y la investigación educativa, la Maestría en Educación prepara a los profesionales para enfrentar los desafíos del campo educativo con rigor y creatividad.", "url_image": "AQUI_VA_UN_URL", "facultad": 2, "tipo_de_programa": 3, "director": "864765432"}}, {"model": "postgraduateManagement.programa", "pk": "PROG003-M", "fields": {"nombre": "Master's Program in the Teaching of English as a Foreign Language", "descripcion": "El Master's Program in the Teaching of English as a Foreign Language es un programa avanzado diseñado para profesionales que desean especializarse en la enseñanza del inglés como lengua extranjera. Este programa ofrece una combinación de teoría y práctica para desarrollar las habilidades necesarias para enseñar de manera efectiva el idioma inglés a hablantes no nativos. Los estudiantes explorarán en profundidad temas como la lingüística aplicada, la adquisición del lenguaje, la metodología de enseñanza y la evaluación del aprendizaje. A través de cursos dinámicos, prácticas supervisadas y proyectos de investigación, los participantes adquirirán las competencias para diseñar planes de estudio, crear materiales didácticos innovadores y utilizar tecnologías educativas en el aula. Al graduarse, los estudiantes estarán preparados para asumir roles de liderazgo en instituciones educativas, centros de idiomas o programas de educación internacional, contribuyendo al desarrollo de habilidades lingüísticas y culturales en un contexto global.", "url_image": "AQUI_VA_UN_URL", "facultad": 3, "tipo_de_programa": 3, "director": "109876543"}}, {"model": "postgraduateManagement.programa", "pk": "PROG004-M", "fields": {"nombre": "Maestría en Educación Mediada por las TIC en Modalidad Virtual", "descripcion": "La Maestría en Educación Mediada por las Tecnologías de la Información y Comunicación (TIC) en Modalidad Virtual es un programa innovador que combina la pedagogía tradicional con las herramientas y metodologías más avanzadas en el uso de las TIC. Diseñado para educadores y profesionales del ámbito educativo, este programa proporciona una sólida formación en el diseño, desarrollo y evaluación de ambientes virtuales de aprendizaje. Los participantes explorarán el potencial de las TIC para mejorar la enseñanza y el aprendizaje, así como para promover la inclusión y la equidad educativa. A través de cursos interactivos, proyectos colaborativos y prácticas en entornos virtuales, los estudiantes adquirirán habilidades para integrar de manera efectiva las TIC en sus prácticas educativas, desarrollar materiales didácticos digitales y facilitar experiencias de aprendizaje en línea de alta calidad. Al finalizar el programa, los graduados estarán preparados para liderar procesos de transformación educativa y contribuir al desarrollo de una educación más accesible, flexible y centrada en el estudiante.", "url_image": "AQUI_VA_UN_URL", "facultad": 4, "tipo_de_programa": 3, "director": "91543210"}}, {"model": "postgraduateManagement.programa", "pk": "PROG005-M", "fields": {"nombre": "Maestría en Innovación Educativa en Modalidad Virtual", "descripcion": "La Maestría en Innovación Educativa en Modalidad Virtual es un programa diseñado para profesionales del campo educativo que buscan explorar y aplicar nuevas estrategias y tecnologías en el ámbito de la enseñanza y el aprendizaje. Este programa ofrece una sólida formación en teorías pedagógicas contemporáneas, así como en metodologías innovadoras para el diseño de experiencias de aprendizaje significativas y efectivas. A través de un enfoque práctico y orientado a proyectos, los participantes desarrollarán habilidades en áreas como el diseño instruccional, la evaluación educativa, el liderazgo en innovación y la integración de tecnología en el aula. Utilizando herramientas digitales y plataformas de aprendizaje en línea, los estudiantes explorarán nuevas formas de enseñar y aprender, promoviendo la colaboración, la creatividad y el pensamiento crítico. Al graduarse, los profesionales estarán preparados para liderar procesos de cambio educativo, adaptándose a los desafíos y oportunidades de la era digital y contribuyendo a la mejora continua de la educación en diversos contextos.", "url_image": "AQUI_VA_UN_URL", "facultad": 2, "tipo_de_programa": 3, "director": "34456789"}}, {"model": "postgraduateManagement.programa", "pk": "PROG006-M", "fields": {"nombre": "Maestría en Creación Literaria y Narrativas Digitales", "descripcion": "La Maestría en Creación Literaria y Narrativas Digitales es un programa vanguardista que fusiona la tradición literaria con las posibilidades emergentes de los medios digitales. Este programa ofrece a los participantes la oportunidad de explorar y desarrollar su creatividad en el ámbito de la escritura y la narrativa en un entorno digital. A través de una combinación de cursos teóricos y talleres prácticos, los estudiantes profundizarán en los fundamentos de la narrativa, la estructura de la historia y las técnicas de escritura creativa. Además, aprenderán a aprovechar las herramientas digitales disponibles para crear y distribuir contenido literario en formatos digitales, como blogs, redes sociales, aplicaciones móviles y plataformas de publicación en línea. El programa también aborda temas relevantes como la interactividad, la gamificación y la transmedia storytelling, preparando a los graduados para explorar nuevas fronteras en la creación literaria y participar activamente en la evolución del campo de las narrativas digitales.", "url_image": "AQUI_VA_UN_URL", "facultad": 1, "tipo_de_programa": 3, "director": "101234567"}}, {"model": "postgraduateManagement.programa", "pk": "PROG007-M", "fields": {"nombre": "Maestría en Sostenibilidad", "descripcion": "La Maestría en Sostenibilidad es un programa académico diseñado para abordar los desafíos urgentes relacionados con la sostenibilidad ambiental, social y económica. A través de un enfoque interdisciplinario, este programa ofrece a los participantes la oportunidad de comprender y abordar problemas complejos como el cambio climático, la pérdida de biodiversidad, la pobreza y la desigualdad social. Los estudiantes explorarán los principios y prácticas de desarrollo sostenible, así como las herramientas y estrategias para promover la conservación de recursos naturales, la equidad social y el crecimiento económico sostenible. Además, el programa fomenta la investigación aplicada y la innovación, permitiendo a los participantes desarrollar soluciones creativas y efectivas para los desafíos actuales y futuros de la sostenibilidad. Al graduarse, los profesionales estarán preparados para liderar iniciativas de sostenibilidad en una variedad de contextos, incluyendo el sector público, privado y sin fines de lucro, contribuyendo así a la construcción de un futuro más justo, equitativo y sostenible para todos.", "url_image": "AQUI_VA_UN_URL", "facultad": 2, "tipo_de_programa": 3, "director": "864765432"}}, {"model": "postgraduateManagement.programa", "pk": "PROG008-M", "fields": {"nombre": "Maestría en Discapacidad, Salud y Derechos Humanos", "descripcion": "La Maestría en Discapacidad, Salud y Derechos Humanos es un programa especializado que aborda las complejas interacciones entre discapacidad, salud y derechos humanos en la sociedad contemporánea. Este programa ofrece a los participantes la oportunidad de comprender en profundidad los desafíos que enfrentan las personas con discapacidad en términos de acceso a la salud, la inclusión social y el ejercicio de sus derechos fundamentales. A través de un enfoque interdisciplinario, los estudiantes explorarán temas como la bioética, la justicia social, la política de salud y la legislación de derechos humanos en relación con la discapacidad. Además, el programa proporciona herramientas y estrategias para promover la igualdad de oportunidades, la participación activa y la autonomía de las personas con discapacidad en todos los aspectos de la vida. Al graduarse, los profesionales estarán preparados para trabajar en una variedad de roles y contextos, incluyendo organizaciones gubernamentales y no gubernamentales, instituciones de salud, educación y defensa de derechos, contribuyendo así a la construcción de una sociedad más inclusiva y respetuosa de la diversidad humana.", "url_image": "AQUI_VA_UN_URL", "facultad": 3, "tipo_de_programa": 3, "director": "109876543"}}, {"model": "postgraduateManagement.programa", "pk": "PROG009-M", "fields": {"nombre": "Maestría en Estrategia Digital de Negocios", "descripcion": "La Maestría en Estrategia Digital de Negocios es un programa avanzado que se centra en las complejidades y oportunidades que presenta el entorno digital en el ámbito empresarial. Este programa proporciona a los participantes una comprensión profunda de cómo las tecnologías digitales están transformando los modelos de negocio, las estrategias de marketing y las operaciones empresariales en la era digital. A través de un enfoque práctico y orientado a resultados, los estudiantes adquirirán habilidades para desarrollar e implementar estrategias efectivas de transformación digital, aprovechando las últimas tendencias en redes sociales, comercio electrónico, análisis de datos, inteligencia artificial y más. Además, el programa aborda temas clave como la ciberseguridad, la privacidad de datos y la ética digital, preparando a los graduados para enfrentar los desafíos y riesgos asociados con la digitalización de los negocios. Al finalizar el programa, los profesionales estarán preparados para liderar iniciativas de innovación y cambio en una variedad de sectores y organizaciones, contribuyendo así al éxito y la sostenibilidad de las empresas en la economía digital.", "url_image": "AQUI_VA_UN_URL", "facultad": 4, "tipo_de_programa": 3, "director": "91543210"}}, {"model": "postgraduateManagement.programa", "pk": "PROG010-E", "fields": {"nombre": "Especialización en Analítica Aplicada a los Negocios", "descripcion": "La Especialización en Analítica Aplicada a los Negocios es un programa especializado diseñado para proporcionar a los participantes las habilidades y conocimientos necesarios para utilizar herramientas analíticas avanzadas en la toma de decisiones empresariales. Este programa combina teoría y práctica para enseñar a los estudiantes cómo recopilar, analizar e interpretar grandes volúmenes de datos con el fin de identificar patrones, tendencias y oportunidades de mejora en diversos aspectos de la gestión empresarial. Los participantes aprenderán a utilizar herramientas y técnicas de análisis de datos, como la minería de datos, el aprendizaje automático y la inteligencia empresarial, para resolver problemas empresariales complejos y mejorar el rendimiento organizacional. Además, el programa aborda temas relacionados con la ética, la privacidad y la seguridad de los datos, preparando a los estudiantes para enfrentar los desafíos éticos y legales asociados con el uso de datos en el entorno empresarial. Al finalizar la especialización, los graduados estarán preparados para desempeñarse en roles como analistas de datos, científicos de datos, consultores de negocio y líderes de proyectos de analítica, contribuyendo así al éxito y la competitividad de las organizaciones en la economía digital.", "url_image": "AQUI_VA_UN_URL", "facultad": 4, "tipo_de_programa": 2, "director": "34456789"}}, {"model": "postgraduateManagement.programa", "pk": "PROG011-E", "fields": {"nombre": "Especialización en Gerencia Comercial", "descripcion": "La Especialización en Gerencia Comercial es un programa académico diseñado para profesionales que desean fortalecer sus habilidades y conocimientos en el área de la gestión comercial. Este programa proporciona a los participantes una comprensión profunda de los principios fundamentales de la gestión de ventas, marketing y estrategias comerciales. A través de un enfoque práctico y orientado a resultados, los estudiantes desarrollarán habilidades en áreas como la planificación estratégica, el análisis de mercado, la gestión de relaciones con los clientes y la implementación de estrategias de marketing digital. Además, el programa aborda temas relacionados con la gestión de equipos comerciales, la negociación, el desarrollo de productos y la gestión de la cadena de suministro. Al finalizar la especialización, los graduados estarán preparados para desempeñarse en roles de liderazgo en departamentos comerciales y de marketing, contribuyendo así al crecimiento y la rentabilidad de las organizaciones en un entorno empresarial competitivo.", "url_image": "AQUI_VA_UN_URL", "facultad": 1, "tipo_de_programa": 2, "director": "101234567"}}, {"model": "postgraduateManagement.programa", "pk": "PROG012-E", "fields": {"nombre": "Especialización en Mercadeo Estratégico en Medios Digitales", "descripcion": "La Especialización en Mercadeo Estratégico en Medios Digitales es un programa especializado diseñado para profesionales del marketing que desean adquirir habilidades y conocimientos específicos para aprovechar al máximo el entorno digital en sus estrategias de mercadeo. Este programa ofrece una combinación de teoría y práctica para enseñar a los participantes cómo desarrollar e implementar estrategias de mercadeo efectivas en el ámbito digital. A través de cursos especializados, los estudiantes explorarán temas como la publicidad en línea, el marketing de contenidos, el SEO (optimización de motores de búsqueda), el SEM (marketing de motores de búsqueda), el marketing de redes sociales y el análisis de datos digitales. Además, el programa aborda la creación y gestión de campañas digitales, el diseño de experiencias de usuario (UX) y la medición del retorno de la inversión (ROI) en medios digitales. Al finalizar la especialización, los graduados estarán preparados para desempeñarse en roles de liderazgo en departamentos de marketing digital, agencias de publicidad y consultoría en marketing, contribuyendo así al éxito y la competitividad de las empresas en la economía digital.", "url_image": "AQUI_VA_UN_URL", "facultad": 2, "tipo_de_programa": 2, "director": "864765432"}}, {"model": "postgraduateManagement.programa", "pk": "PROG013-E", "fields": {"nombre": "Especialización en Calidad para la Competitividad", "descripcion": "La Especialización en Calidad para la Competitividad es un programa académico diseñado para profesionales que desean profundizar en el conocimiento y la aplicación de herramientas y metodologías relacionadas con la gestión de la calidad en las organizaciones. Este programa proporciona a los participantes una comprensión integral de los principios y prácticas fundamentales para mejorar la calidad de los productos y servicios, así como para promover la competitividad empresarial. A través de cursos especializados, los estudiantes explorarán temas como la gestión de procesos, la normatividad de calidad, los sistemas de gestión de la calidad (SGC), las herramientas de mejora continua y la gestión de la calidad total (TQM). Además, el programa aborda la importancia de la cultura organizacional, el liderazgo y la participación del personal en la implementación de estrategias de calidad. Al finalizar la especialización, los graduados estarán preparados para desempeñarse en roles de liderazgo en departamentos de calidad, operaciones y gestión de proyectos, contribuyendo así al éxito y la sostenibilidad de las organizaciones en un entorno empresarial cada vez más competitivo.", "url_image": "AQUI_VA_UN_URL", "facultad": 3, "tipo_de_programa": 2, "director": "109876543"}}, {"model": "postgraduateManagement.programa", "pk": "PROG014-E", "fields": {"nombre": "Especialización en Gerencia del Medio Ambiente", "descripcion": "La Especialización en Gerencia del Medio Ambiente es un programa especializado diseñado para profesionales interesados en abordar los desafíos ambientales desde una perspectiva empresarial y de gestión. Este programa ofrece una formación integral en temas relacionados con la sostenibilidad, la conservación ambiental y la gestión responsable de los recursos naturales en el contexto empresarial. A través de cursos especializados, los participantes explorarán temas como la legislación ambiental, la evaluación de impacto ambiental, la gestión de residuos, la ecoeficiencia y la responsabilidad social corporativa. Además, el programa aborda la importancia de la sensibilización ambiental, la participación de las partes interesadas y la integración de criterios ambientales en la toma de decisiones empresariales. Al finalizar la especialización, los graduados estarán preparados para desempeñarse en roles de liderazgo en departamentos de medio ambiente, desarrollo sostenible y responsabilidad social empresarial, contribuyendo así al bienestar ambiental y social en las organizaciones y comunidades donde operan.", "url_image": "AQUI_VA_UN_URL", "facultad": 4, "tipo_de_programa": 2, "director": "91543210"}}, {"model": "postgraduateManagement.programa", "pk": "PROG015-E", "fields": {"nombre": "Especialización en Derecho para No Abogados", "descripcion": "La Especialización en Derecho para No Abogados es un programa académico diseñado para profesionales de diversas áreas que desean adquirir conocimientos fundamentales en derecho para fortalecer su desempeño laboral. Este programa ofrece una comprensión básica de los principios y conceptos legales relevantes en el contexto empresarial y social. A través de cursos especializados, los participantes explorarán temas como el derecho civil, el derecho laboral, el derecho comercial, el derecho administrativo y el derecho internacional. Además, el programa abordará aspectos prácticos de la legislación, como contratos, negociaciones, resolución de disputas y cumplimiento normativo. Al finalizar la especialización, los graduados estarán preparados para aplicar los conocimientos adquiridos en su práctica profesional, ya sea en roles de gestión, administración, recursos humanos, o en la toma de decisiones en diversas organizaciones y entornos laborales.", "url_image": "AQUI_VA_UN_URL", "facultad": 3, "tipo_de_programa": 2, "director": "34456789"}}, {"model": "postgraduateManagement.programa", "pk": "PROG016-E", "fields": {"nombre": "Especialización en Derecho Laboral y de la Seguridad Social", "descripcion": "La Especialización en Derecho Laboral y de la Seguridad Social es un programa académico diseñado para abordar los aspectos legales y normativos relacionados con las relaciones laborales y la protección social en el ámbito empresarial y social. Este programa ofrece una formación especializada en temas como la legislación laboral, los derechos y deberes de los trabajadores y empleadores, la negociación colectiva, la prevención y solución de conflictos laborales, así como la seguridad social y los sistemas de protección social. A través de cursos especializados, los participantes explorarán la normativa laboral vigente, los principios fundamentales del derecho laboral y los mecanismos de aplicación y cumplimiento de las leyes laborales. Además, el programa abordará temas relacionados con la seguridad social, como pensiones, seguros de salud, riesgos laborales y protección a la maternidad y la infancia. Al finalizar la especialización, los graduados estarán preparados para asesorar y representar a empresas, trabajadores y entidades gubernamentales en asuntos laborales y de seguridad social, contribuyendo así al cumplimiento de los derechos laborales y la protección social de los trabajadores.", "url_image": "AQUI_VA_UN_URL", "facultad": 1, "tipo_de_programa": 2, "director": "101234567"}}, {"model": "postgraduateManagement.programa", "pk": "PROG017-E", "fields": {"nombre": "Especialización en Legislación Laboral y de la Seguridad Social", "descripcion": "La Especialización en Legislación Laboral y de la Seguridad Social es un programa académico diseñado para profundizar en el estudio y comprensión de la normativa legal que regula las relaciones laborales y la protección social en el contexto empresarial y laboral. Este programa ofrece una formación especializada en temas como la legislación laboral nacional e internacional, los derechos y obligaciones de empleadores y trabajadores, los procedimientos de contratación y terminación laboral, la prevención y solución de conflictos laborales, así como los aspectos relacionados con la seguridad social y los sistemas de protección social. A través de cursos especializados, los participantes explorarán en detalle la normativa laboral y de seguridad social vigente, analizando casos prácticos y jurisprudencia relevante. Además, el programa proporcionará herramientas para la interpretación y aplicación de la legislación laboral y de seguridad social en diferentes contextos organizacionales y jurisdiccionales. Al finalizar la especialización, los graduados estarán preparados para asesorar, representar y gestionar aspectos legales laborales y de seguridad social en empresas, entidades gubernamentales y organizaciones de la sociedad civil, contribuyendo así al cumplimiento de los derechos laborales y la protección social de los trabajadores.", "url_image": "AQUI_VA_UN_URL", "facultad": 2, "tipo_de_programa": 2, "director": "864765432"}}, {"model": "postgraduateManagement.programa", "pk": "PROG018-E", "fields": {"nombre": "Especialización en Docencia Universitaria", "descripcion": "La Especialización en Docencia Universitaria es un programa académico diseñado para brindar a los participantes las herramientas y habilidades necesarias para desempeñarse como docentes en instituciones de educación superior. Este programa ofrece una formación especializada en pedagogía, didáctica y metodologías de enseñanza-aprendizaje adaptadas al contexto universitario. A través de cursos teóricos y prácticos, los participantes explorarán temas como el diseño de planes de estudio, la planificación de clases, la evaluación del aprendizaje, el uso de tecnologías educativas, la tutoría académica y la investigación en educación. Además, el programa abordará aspectos relacionados con la gestión académica, la ética profesional y el desarrollo profesional del docente universitario. Al finalizar la especialización, los graduados estarán preparados para ejercer la docencia en instituciones de educación superior, contribuyendo así a la formación integral y de calidad de los estudiantes universitarios y al avance de la investigación y la innovación en el ámbito académico.", "url_image": "AQUI_VA_UN_URL", "facultad": 3, "tipo_de_programa": 2, "director": "109876543"}}, {"model": "postgraduateManagement.programa", "pk": "PROG019-D", "fields": {"nombre": "Doctorado en Ciencias Económicas y Administrativas", "descripcion": "El Doctorado en Ciencias Económicas y Administrativas es un programa de investigación avanzada diseñado para formar investigadores y académicos en los campos de la economía y la administración. Este programa ofrece una formación integral en teoría económica, métodos cuantitativos, análisis de políticas públicas, finanzas corporativas, gestión estratégica, entre otros campos relacionados. A través de cursos avanzados, seminarios especializados y actividades de investigación, los estudiantes desarrollarán habilidades para llevar a cabo investigaciones originales y contribuir al avance del conocimiento en áreas específicas de las ciencias económicas y administrativas. Además, el programa fomentará el desarrollo de habilidades de pensamiento crítico, análisis riguroso y comunicación efectiva, preparando a los graduados para desempeñarse como investigadores, académicos o líderes en organizaciones gubernamentales o privadas. Al finalizar el programa, los doctorandos estarán preparados para realizar contribuciones significativas al campo de las ciencias económicas y administrativas a través de la investigación, la docencia y el liderazgo en el ámbito académico o profesional.", "url_image": "AQUI_VA_UN_URL", "facultad": 4, "tipo_de_programa": 1, "director": "91543210"}}, {"model": "postgraduateManagement.programa", "pk": "PROG020-D", "fields": {"nombre": "Doctorado en Ingeniería", "descripcion": "El Doctorado en Ingeniería es un programa académico de alto nivel que tiene como objetivo formar investigadores y expertos en diversas áreas de la ingeniería. Este programa proporciona una formación avanzada en metodologías de investigación, desarrollo de proyectos y aplicación de conocimientos técnicos en áreas específicas de la ingeniería. A través de cursos especializados, seminarios, actividades de investigación y la elaboración de una tesis doctoral, los estudiantes desarrollarán habilidades para llevar a cabo investigaciones originales y contribuir al avance del conocimiento en su campo de estudio. Además, el programa fomentará el desarrollo de habilidades de pensamiento crítico, resolución de problemas y comunicación efectiva, preparando a los graduados para desempeñarse como investigadores, líderes en innovación tecnológica, académicos o consultores en el sector industrial, gubernamental o académico. Al finalizar el programa, los doctorandos estarán preparados para realizar contribuciones significativas al campo de la ingeniería a través de la investigación, la docencia y el liderazgo en el ámbito académico o profesional.", "url_image": "AQUI_VA_UN_URL", "facultad": 1, "tipo_de_programa": 1, "director": "34456789"}}, {"model": "postgraduateManagement.materia", "pk": "DIS001", "fields": {"nombre": "Investigación de Usuarios", "creditos": 2, "departamento": "DEP19"}}, {"model": "postgraduateManagement.materia", "pk": "ECO001", "fields": {"nombre": "Análisis Cuantitativo", "creditos": 3, "departamento": "DEP01"}}, {"model": "postgraduateManagement.materia", "pk": "IND001", "fields": {"nombre": "Analítica Prescriptiva", "creditos": 3, "departamento": "DEP04"}}, {"model": "postgraduateManagement.materia", "pk": "JUR001", "fields": {"nombre": "Trabajo de Grado II", "creditos": 5, "departamento": "DEP05"}}, {"model": "postgraduateManagement.materia", "pk": "MAT001", "fields": {"nombre": "Análisis Exploratorio de Datos", "creditos": 2, "departamento": "DEP16"}}, {"model": "postgraduateManagement.materia", "pk": "MUS001", "fields": {"nombre": "Pensamiento Creativo", "creditos": 3, "departamento": "DEP08"}}, {"model": "postgraduateManagement.materia", "pk": "NEG001", "fields": {"nombre": "Segmentación, Targeting y Posicionamiento", "creditos": 2, "departamento": "DEP17"}}, {"model": "postgraduateManagement.materia", "pk": "NEG002", "fields": {"nombre": "Usuario, Marca y Valor I", "creditos": 4, "departamento": "DEP17"}}, {"model": "postgraduateManagement.materia", "pk": "ORG001", "fields": {"nombre": "Gestión Estratégica I", "creditos": 3, "departamento": "DEP13"}}, {"model": "postgraduateManagement.materia", "pk": "POL001", "fields": {"nombre": "Seminario de Profundización", "creditos": 2, "departamento": "DEP03"}}, {"model": "postgraduateManagement.materia", "pk": "PSI001", "fields": {"nombre": "Motivaciones y Comportamientos de Consumo", "creditos": 2, "departamento": "DEP06"}}, {"model": "postgraduateManagement.materia", "pk": "SOC001", "fields": {"nombre": "Ética y Responsabilidad Social", "creditos": 2, "departamento": "DEP07"}}, {"model": "postgraduateManagement.materia", "pk": "SOC002", "fields": {"nombre": "Contexto Cultural, Legal y Ético del Uso de las Tecnologías", "creditos": 3, "departamento": "DEP07"}}, {"model": "postgraduateManagement.materia", "pk": "TIC001", "fields": {"nombre": "Fundamentos de Analítica de datos I", "creditos": 4, "departamento": "DEP11"}}, {"model": "postgraduateManagement.materia", "pk": "TIC002", "fields": {"nombre": "Infraestructura y Arquitectura de TI", "creditos": 3, "departamento": "DEP11"}}, {"model": "postgraduateManagement.materia", "pk": "TIC003", "fields": {"nombre": "Procesamiento en la Nube", "creditos": 3, "departamento": "DEP11"}}, {"model": "requestsManagement.estadosolicitud", "pk": "A", "fields": {"nombre": "Aprobada"}}, {"model": "requestsManagement.estadosolicitud", "pk": "E", "fields": {"nombre": "En espera"}}, {"model": "requestsManagement.estadosolicitud", "pk": "P", "fields": {"nombre": "Pendiente"}}, {"model": "requestsManagement.estadosolicitud", "pk": "R", "fields": {"nombre": "Rechazada"}}, {"model": "requestsManagement.tipocontable", "pk": 1, "fields": {"tipo": "Viaje"}}, {"model": "requestsManagement.tipocontable", "pk": 2, "fields": {"tipo": "Transporte"}}, {"model": "requestsManagement.tipocontable", "pk": 3, "fields": {"tipo": "Hospedaje"}}, {"model": "requestsManagement.tipocontable", "pk": 4, "fields": {"tipo": "Alimentación"}}, {"model": "requestsManagement.tipocontable", "pk": 5, "fields": {"tipo": "Suministros"}}]